website,name,price,url
Amazon,Dove Cream Beauty Bathing Bar (Pack of 5) 125g each For 24 Hour Nourished Skin with Â¼ Moisturising Cream and Nutrient Serum,349.0,https://www.amazon.in/Dove-Cream-Beauty-Bar-Moisturised/dp/B08S56PYDJ/ref=sr_1_1_f3_0o_fs_mod_primary_alm?dib=eyJ2IjoiMSJ9.L8RX6CLOfl019Pf_ty1TY5Vwa67Zh6tbGzXiFu7M9J_RpVNnhTJF6FfYWu0ckkyUnPqkqxXAVXBuduMfiBZb1awepVd9e1v3gHPhv6bImBas2SdXgvxDDzZ2P4MFQUKUu7sZJWH0-E8z_BZyrTZqv63ij-T-jleyygWiu4TaiCBoARwE7d0RXFWbduOgd_ECXCaE1DVg3hrNgY6ZRge3S4zxZvG3ZiSMNwPkcX8Qq8-E_enyYI8xZMa00-rHlzQAdtjbbshmjP-carzTW3wa6TqRIdiaKuyk6aqiIiwKvO4.6f41nbsm4JpTg6DeXADw0lSuCezXK3ZOgUOeqkYho3k&dib_tag=se&keywords=dove&qid=1754313737&sbo=m6DjfpMzMLDmL8pSMKX8hw%3D%3D&sr=8-1
Amazon,Dove Serum Bar | with Nutrient Serum | Deep Nourish | 375g (125g x 3),215.0,https://www.amazon.in/Dove-Cream-Beauty-Bar-Moisturised/dp/B08S51KLZ5/ref=sr_1_2_mod_primary_new?dib=eyJ2IjoiMSJ9.L8RX6CLOfl019Pf_ty1TY5Vwa67Zh6tbGzXiFu7M9J_RpVNnhTJF6FfYWu0ckkyUnPqkqxXAVXBuduMfiBZb1awepVd9e1v3gHPhv6bImBas2SdXgvxDDzZ2P4MFQUKUu7sZJWH0-E8z_BZyrTZqv63ij-T-jleyygWiu4TaiCBoARwE7d0RXFWbduOgd_ECXCaE1DVg3hrNgY6ZRge3S4zxZvG3ZiSMNwPkcX8Qq8-E_enyYI8xZMa00-rHlzQAdtjbbshmjP-carzTW3wa6TqRIdiaKuyk6aqiIiwKvO4.6f41nbsm4JpTg6DeXADw0lSuCezXK3ZOgUOeqkYho3k&dib_tag=se&keywords=dove&qid=1754313737&sbo=RZvfv%2F%2FHxDF%2BO5021pAnSA%3D%3D&sr=8-2
Amazon,"Dove Cream Beauty Bathing Bar 100 g (Combo Pack of 8) With Moisturising Cream for Softer, Glowing Skin & Body - Nourishes Dry Skin more than Bar Soap",579.0,https://www.amazon.in/Dove-Bathing-Beauty-Moisturising-Glowing/dp/B08S58S29R/ref=sr_1_3_f3_0o_fs_mod_primary_alm?dib=eyJ2IjoiMSJ9.L8RX6CLOfl019Pf_ty1TY5Vwa67Zh6tbGzXiFu7M9J_RpVNnhTJF6FfYWu0ckkyUnPqkqxXAVXBuduMfiBZb1awepVd9e1v3gHPhv6bImBas2SdXgvxDDzZ2P4MFQUKUu7sZJWH0-E8z_BZyrTZqv63ij-T-jleyygWiu4TaiCBoARwE7d0RXFWbduOgd_ECXCaE1DVg3hrNgY6ZRge3S4zxZvG3ZiSMNwPkcX8Qq8-E_enyYI8xZMa00-rHlzQAdtjbbshmjP-carzTW3wa6TqRIdiaKuyk6aqiIiwKvO4.6f41nbsm4JpTg6DeXADw0lSuCezXK3ZOgUOeqkYho3k&dib_tag=se&keywords=dove&qid=1754313737&sbo=m6DjfpMzMLDmL8pSMKX8hw%3D%3D&sr=8-3
Amazon,"Dove Nourishing Bodywash with Triple Hydration Serum, 825ml",336.0,https://www.amazon.in/Dove-Deeply-Nourishing-Body-Wash/dp/B07S7R626P/ref=sr_1_4_mod_primary_new?dib=eyJ2IjoiMSJ9.L8RX6CLOfl019Pf_ty1TY5Vwa67Zh6tbGzXiFu7M9J_RpVNnhTJF6FfYWu0ckkyUnPqkqxXAVXBuduMfiBZb1awepVd9e1v3gHPhv6bImBas2SdXgvxDDzZ2P4MFQUKUu7sZJWH0-E8z_BZyrTZqv63ij-T-jleyygWiu4TaiCBoARwE7d0RXFWbduOgd_ECXCaE1DVg3hrNgY6ZRge3S4zxZvG3ZiSMNwPkcX8Qq8-E_enyYI8xZMa00-rHlzQAdtjbbshmjP-carzTW3wa6TqRIdiaKuyk6aqiIiwKvO4.6f41nbsm4JpTg6DeXADw0lSuCezXK3ZOgUOeqkYho3k&dib_tag=se&keywords=dove&qid=1754313737&sbo=RZvfv%2F%2FHxDF%2BO5021pAnSA%3D%3D&sr=8-4
Amazon,Dove Sandalwood Beauty Bar for Naturally Glowing Skin with 100% Natural Origin Sandalwood and Real Saffron Extracts 125g (Pack of 3),197.0,https://www.amazon.in/Dove-Sandalwood-Beauty-Bathing-Pack/dp/B0CB48MHKK/ref=sr_1_5_f3_0o_fs_mod_primary_alm?dib=eyJ2IjoiMSJ9.L8RX6CLOfl019Pf_ty1TY5Vwa67Zh6tbGzXiFu7M9J_RpVNnhTJF6FfYWu0ckkyUnPqkqxXAVXBuduMfiBZb1awepVd9e1v3gHPhv6bImBas2SdXgvxDDzZ2P4MFQUKUu7sZJWH0-E8z_BZyrTZqv63ij-T-jleyygWiu4TaiCBoARwE7d0RXFWbduOgd_ECXCaE1DVg3hrNgY6ZRge3S4zxZvG3ZiSMNwPkcX8Qq8-E_enyYI8xZMa00-rHlzQAdtjbbshmjP-carzTW3wa6TqRIdiaKuyk6aqiIiwKvO4.6f41nbsm4JpTg6DeXADw0lSuCezXK3ZOgUOeqkYho3k&dib_tag=se&keywords=dove&qid=1754313737&sbo=m6DjfpMzMLDmL8pSMKX8hw%3D%3D&sr=8-5
Amazon,Dove Pink Rosa Beauty Bathing Bar 125g (Combo Pack of 3) With Moisturising Cream for Soft Glowing Skin & Body - Nourishes Dry Skin more than Bar Soap,257.0,https://www.amazon.in/Dove-Pink-Rosa-Beauty-Bar/dp/B08S51LB6F/ref=sr_1_6_mod_primary_new?dib=eyJ2IjoiMSJ9.L8RX6CLOfl019Pf_ty1TY5Vwa67Zh6tbGzXiFu7M9J_RpVNnhTJF6FfYWu0ckkyUnPqkqxXAVXBuduMfiBZb1awepVd9e1v3gHPhv6bImBas2SdXgvxDDzZ2P4MFQUKUu7sZJWH0-E8z_BZyrTZqv63ij-T-jleyygWiu4TaiCBoARwE7d0RXFWbduOgd_ECXCaE1DVg3hrNgY6ZRge3S4zxZvG3ZiSMNwPkcX8Qq8-E_enyYI8xZMa00-rHlzQAdtjbbshmjP-carzTW3wa6TqRIdiaKuyk6aqiIiwKvO4.6f41nbsm4JpTg6DeXADw0lSuCezXK3ZOgUOeqkYho3k&dib_tag=se&keywords=dove&qid=1754313737&sbo=RZvfv%2F%2FHxDF%2BO5021pAnSA%3D%3D&sr=8-6
Amazon,dove serum bar nutrient serum 100g,61.0,https://www.amazon.in/dove-serum-bar-nutrient-100g/dp/B008KH5FBE/ref=sr_1_7?dib=eyJ2IjoiMSJ9.L8RX6CLOfl019Pf_ty1TY5Vwa67Zh6tbGzXiFu7M9J_RpVNnhTJF6FfYWu0ckkyUnPqkqxXAVXBuduMfiBZb1awepVd9e1v3gHPhv6bImBas2SdXgvxDDzZ2P4MFQUKUu7sZJWH0-E8z_BZyrTZqv63ij-T-jleyygWiu4TaiCBoARwE7d0RXFWbduOgd_ECXCaE1DVg3hrNgY6ZRge3S4zxZvG3ZiSMNwPkcX8Qq8-E_enyYI8xZMa00-rHlzQAdtjbbshmjP-carzTW3wa6TqRIdiaKuyk6aqiIiwKvO4.6f41nbsm4JpTg6DeXADw0lSuCezXK3ZOgUOeqkYho3k&dib_tag=se&keywords=dove&qid=1754313737&sr=8-7
Amazon,"Dove Intense Repair Conditioner 175 ml, With Keratin Actives to Smoothen Dry and Frizzy Hair - Deep Conditions Damaged Hair for Men & Women",154.0,https://www.amazon.in/Dove-Therapy-Intense-Repair-Conditioner/dp/B07H9Y6YHX/ref=sr_1_8_mod_primary_new?dib=eyJ2IjoiMSJ9.L8RX6CLOfl019Pf_ty1TY5Vwa67Zh6tbGzXiFu7M9J_RpVNnhTJF6FfYWu0ckkyUnPqkqxXAVXBuduMfiBZb1awepVd9e1v3gHPhv6bImBas2SdXgvxDDzZ2P4MFQUKUu7sZJWH0-E8z_BZyrTZqv63ij-T-jleyygWiu4TaiCBoARwE7d0RXFWbduOgd_ECXCaE1DVg3hrNgY6ZRge3S4zxZvG3ZiSMNwPkcX8Qq8-E_enyYI8xZMa00-rHlzQAdtjbbshmjP-carzTW3wa6TqRIdiaKuyk6aqiIiwKvO4.6f41nbsm4JpTg6DeXADw0lSuCezXK3ZOgUOeqkYho3k&dib_tag=se&keywords=dove&qid=1754313737&sbo=RZvfv%2F%2FHxDF%2BO5021pAnSA%3D%3D&sr=8-8
Amazon,"Dove Relaxing Shea Butter Body Wash with Vanilla for Soft Skin, Soothing Scent, 1L",407.0,https://www.amazon.in/Dove-Moisturizing-Naturally-Ingredients-Nourished/dp/B0BHV82T31/ref=sr_1_9_mod_primary_new?dib=eyJ2IjoiMSJ9.L8RX6CLOfl019Pf_ty1TY5Vwa67Zh6tbGzXiFu7M9J_RpVNnhTJF6FfYWu0ckkyUnPqkqxXAVXBuduMfiBZb1awepVd9e1v3gHPhv6bImBas2SdXgvxDDzZ2P4MFQUKUu7sZJWH0-E8z_BZyrTZqv63ij-T-jleyygWiu4TaiCBoARwE7d0RXFWbduOgd_ECXCaE1DVg3hrNgY6ZRge3S4zxZvG3ZiSMNwPkcX8Qq8-E_enyYI8xZMa00-rHlzQAdtjbbshmjP-carzTW3wa6TqRIdiaKuyk6aqiIiwKvO4.6f41nbsm4JpTg6DeXADw0lSuCezXK3ZOgUOeqkYho3k&dib_tag=se&keywords=dove&qid=1754313737&sbo=RZvfv%2F%2FHxDF%2BO5021pAnSA%3D%3D&sr=8-9
Amazon,"Dove Daily Shine Hair Conditioner With Nutritive Serum For Smooth & Shiny Hair, 175 Ml, All, 1 Count",156.0,https://www.amazon.in/Dove-Daily-Shine-Conditioner-180ml/dp/B07HB2XVHT/ref=sr_1_10_mod_primary_new?dib=eyJ2IjoiMSJ9.L8RX6CLOfl019Pf_ty1TY5Vwa67Zh6tbGzXiFu7M9J_RpVNnhTJF6FfYWu0ckkyUnPqkqxXAVXBuduMfiBZb1awepVd9e1v3gHPhv6bImBas2SdXgvxDDzZ2P4MFQUKUu7sZJWH0-E8z_BZyrTZqv63ij-T-jleyygWiu4TaiCBoARwE7d0RXFWbduOgd_ECXCaE1DVg3hrNgY6ZRge3S4zxZvG3ZiSMNwPkcX8Qq8-E_enyYI8xZMa00-rHlzQAdtjbbshmjP-carzTW3wa6TqRIdiaKuyk6aqiIiwKvO4.6f41nbsm4JpTg6DeXADw0lSuCezXK3ZOgUOeqkYho3k&dib_tag=se&keywords=dove&qid=1754313737&sbo=RZvfv%2F%2FHxDF%2BO5021pAnSA%3D%3D&sr=8-10
